{
    "camera_calibration_results": {
        "number_of_selected_images": 11,
        "rms_error": 1.0443545581555693,
        "camera_matrix": [
            [
                610.1770798968703,
                0.0,
                641.7820478245249
            ],
            [
                0.0,
                609.2896709302196,
                364.84439113484876
            ],
            [
                0.0,
                0.0,
                1.0
            ]
        ],
        "distortion_coefficient": [
            -0.0005498942523010427,
            0.013593011470483836,
            0.0007757590517277968,
            -0.0014079743490442737,
            -0.013549596737479854
        ]
    }
}