{
    "The number of selected images": 6,
    "RMS error": 0.9105023287353066,
    "Camera matrix (K)": [
        [
            617.9656436382637,
            0.0,
            644.6159868596346
        ],
        [
            0.0,
            615.835584720399,
            368.88556347917955
        ],
        [
            0.0,
            0.0,
            1.0
        ]
    ],
    "Distortion coefficient": [
        -0.03198972013870563,
        0.13732340945259056,
        0.0006591420599709443,
        -0.001691230330764207,
        -0.1601476892568386
    ],
    "camera_calibration_results": {
        "number_of_selected_images": 6,
        "rms_error": 1.1666918204259076,
        "camera_matrix": [
            [
                610.9124573292121,
                0.0,
                645.0465361597244
            ],
            [
                0.0,
                610.3045168331751,
                365.8246300051486
            ],
            [
                0.0,
                0.0,
                1.0
            ]
        ],
        "distortion_coefficient": [
            -0.01032460547364235,
            0.03889698759925852,
            0.0013296376551781858,
            -6.964048734637237e-05,
            -0.032994949399703564
        ]
    }
}