{"The number of selected images": 6, "RMS error": 0.9105023287353066, "Camera matrix (K)": [[617.9656436382637, 0.0, 644.6159868596346], [0.0, 615.835584720399, 368.88556347917955], [0.0, 0.0, 1.0]], "Distortion coefficient": [-0.03198972013870563, 0.13732340945259056, 0.0006591420599709443, -0.001691230330764207, -0.1601476892568386]}