{
    "camera_calibration_results": {
        "number_of_selected_images": 4,
        "rms_error": 0.9408847686898631,
        "camera_matrix": [
            [
                618.5875582240405,
                0.0,
                646.839113411426
            ],
            [
                0.0,
                616.8772250191329,
                368.33639601179175
            ],
            [
                0.0,
                0.0,
                1.0
            ]
        ],
        "distortion_coefficient": [
            -0.019261673891855926,
            0.07547854507909078,
            0.0004665137033709962,
            -0.0007320630681497287,
            -0.07019899788292756
        ]
    }
}